root,draft_short_gloss,flag,source_snippet
أبو,"Yz, . , . , or this is a simple subst., I became a father.",,"1 أَبَوْتُ ذ , [third pers. أَبَا ,] (T, S, M, K,) and أَبَيْتُ , [third pers. أَبَى ,] (T, M, K,) the latter accord. to Yz, (T,) aor. آبُو , (TK,) inf. n. أُبُوَّةٌ , (Yz, T, S, Msb,) or this is a s"
أجج,"The fire burned, burned up, burned brightly, or fiercely, blazed, or flamed, or blazed or flamed fiercely; as also and [written with the disjunctive alif ]: (S, K:) or made a sound by its blazing or flaming.",,"1 أَجَّتِ النَّارُ ذ , (S, A, Msb,) aor. اَجُجَ (S, Msb) and اَجِجَ , (M, TA,) [the former contr. to analogy, and the latter agreeable therewith, in the case of an intrans. verb of this class,] inf. n"
أحد,He made it one; or called it one: as also .,,"2   أحّدهُ   ذ   , [inf. n. تَأْحِيدٌ ,] He made it one; or called it one: as also وحّدهُ . (TA in art. وحد .) You say, أَحِّدِ الِاثْنَيْنِ   Make thou the two to become one. (K.) It is related in a "
أخر,"He granted me a delay, or postponement, to a certain term, or period.",,"2   أخّر   ذ   , (S, K, &amp;c.,) inf. n. تَأْخِيرٌ , (K,) is trans. (S, K, &amp;c.) and intrans.: (K:) as a trans. verb it signifies He made to go back or backwards, to recede, retreat, retire, or re"
أخو,"Thou becamest a brother [in the proper sense of this word, and also as meaning a friend, or companion, or the like ].",,"1 أَخَوْتَ ذ , [third pers. أَخَا ,] (S, K,) aor. تَأْخُو , (S,) inf. n. أُخُوَّةٌ ; (S, K, &amp;c.;) and , (K, TA,) [in the CK اَخَيْتُ , which is wrong in respect of the pers., and otherwise, for it"
أدد,"Lh, whence it seems that he made the .",,"1 أَدَّتَّةُ دَاهِيَةٌ ذ , aor اَدُدَ (T, S; M, K) and اَدِدَ , (M, K,) but this latter is strange, [anomalous,] and unknown, (TA,) and اَدَدَ , (M, K,) mentioned by Lh, whence it seems that he made t"
أدي,"Lh, whence it seems that he made the .",,"1   أَدَّتَّةُ دَاهِيَةٌ   ذ   , aor   اَدُدَ   (T, S; M, K) and   اَدِدَ   , (M, K,) but this latter is strange, [anomalous,] and unknown, (TA,) and   اَدَدَ   , (M, K,) mentioned by Lh, whence it se"
أرض,"Hn:) and , . , the land became abundant in herbage, or pasture.",,"1 أَرُضَتِ الأَرْضُ ذ , (S, K, [in two copies of the S أُرِضَت , but this is evidently a mistake,]) with damm, (S,) like كَرُمَت , (K,) inf. n. أَرَاضَةٌ , (S, M, K,) The land became thriving, or prod"
أرك,"The camels fed upon the kind of tree called : (S, Msb, K:) or remained, or continued, among trees of that kind, ., what are termed , eating them: (K:) or found, or lighted on, any trees whatever, and remained, or continued.",,"1 أَرَكَتِ الإِبِلُ ذ , aor. اَرُكَ and اَرِكَ , inf. n. أُرُوكٌ , The camels fed upon the kind of tree called أَرَاك : (S, Msb, K:) or remained, or continued, among trees of that kind, (ISk, S, K,) i"
أسس,,LOW_CONFIDENCE,"1 اَسڤسَ see 2, in two places."
ألل,"Mughnee c.:) or, accord.",,"اَلْ   أل   إل   ال   ولي   آل   is a particle of determination: (Mughnee &amp;c.:) or, accord. to some, it is a conjunct noun, and this is the correct opinion; but some say it is a conjunct particle;"
أله,"Mgh, Msb, and so in some copies of the K,) like , .",,"1 أَلَهَ ذ , (S, and so in some copies of the K,) with fet-h, (S,) or أَلِهَ , (Mgh, Msb, and so in some copies of the K,) like تَعِبَ , aor. اَلَهَ , (Msb,) inf. n."
أنم,Bd and Jel in lv.,,"الأَنَامُ   ذ   (T, M, Msb, K) and   (K) and   , (M, K,) the last allowable in poetry, (M,) i. q.   الخَلْقُ ; (M, K, and Bd and Jel in lv. 9;) i. e. [ Mankind; for such is the general meaning of الخَ"
أني,"Its time came; or it was, or became, or drew, near; syn.",,"1 أَنَى ذ , (S, M, K,) aor. يَأْنِى , (S,) inf. n. إِنٌى (S, M, K) and أَنْىٌ and أَنَآءٌ , (M, K,) or, accord. to [some of the copies of] the M, أَنًى , (TA, [in which this is said to be the right f"
أوه,,CROSS_REF,1 اَوڤهَ and 2: see 5.
أيي,,EMPTY,
بخع,"He slaughtered the beast for slaughter, or the sheep or goat, with much, or extraordinary, effectiveness, or energy, so that he reached the back of the neck, (Z, in the A,) or so that he reached the , (K, TA, [in the CK ,]) cutting the bone of the neck.",,"1 بَخَعَ الذَّبِيحَةَ ذ , (Z, in the Fáïk,) or الشَّاةَ , (Z, in the A,) or بِالشَّاةِ , (O, K,) [aor. بَخَعَ , inf. n. بَخْعٌ ,] He slaughtered the beast for slaughter, or the sheep or goat, with muc"
بدع,He became superlative in his kind; or it became so in its kind; in good or in evil.,,"1 بَدَعَهُ بدع بدعه بدعة دعة : see 4, in two places. -A2- بَدُعَ , aor. بَدُعَ , inf. n. بَدَاعَةٌ and بُدُوعٌ , He became superlative in his kind; or it became so in its kind; (Ks, K;) in good or in "
بدل,,LOW_CONFIDENCE,"1 بَدَلَ بدل بدلة دل , inf. n. بَدَالٌ : see 2, in three places."
برزخ,Kur lv. 20: .,LOW_CONFIDENCE,"بَرْزَخٌ برزخ A thing that intervenes between any two things: (L:) or a bar, an obstruction, or a thing that makes a separation, between two things: (S, A, L, K:) so in the Kur lv. 20: pl. بَرَازِخُ ."
برم,"He was, or became, affected with disgust, loathing, or aversion; (M, * K;) he was vexed, grieved, disquieted by grief, or distressed in mind.",,"1 بَرَمَهُ برم برمه برمة رم رمة : see 4, in two places. -A2- بَرِمَ , aor. بَرَمَ ; and ; He was, or became, affected with disgust, loathing, or aversion; (M, * K;) he was vexed, grieved, disquieted b"
بزغ,"The beginning to rise, or come forth: this is the primary meaning: mentioned by Zj.",,"1 بُزُوغٌ بزوغ [inf. n. of بَزَغَ ] signifies The beginning to rise, or come forth: this is the primary meaning: mentioned by Zj. (TA.) -b2- Hence, (TA,) بَزَغَ , said of a tush, or tusk, or canine to"
بسس,The act of breaking: or breaking in pieces: syn.,,"1 بَسٌّ بس signifies The act of breaking: or breaking in pieces: syn. حَطْمٌ . (TA.) -b2- [And The act of mixing: see بَسِيسَةٌ . This, or the former, is probably the primary signification.] -b3- [And"
بسق,"Msb,) . , The palm-trees were, or became, tall , and full-grown: (JK:) or exceedingly tall .",,"1 بَسَقَ النَّخْلُ بسق النخل , (aor. بَسُقَ , Msb,) inf. n. بُسُوقٌ , The palm-trees were, or became, tall , (JK, S, Msb, K,) and full-grown: (JK:) or exceedingly tall . (Msb.) -b2- بَسَقَ عَلَيْهِمْ "
بسم,"Hence,] (tropical:) I did not taste the thing.",,"1 بَسَمَ بسم بٱسم سم : see 5, with which it is syn. -b2- [Hence,] مَا بَسَمْتُ فِى الشَّىْءِ (tropical:) I did not taste the thing. (K, TA.)"
بصر,He saw; .] he became seeing; syn.,,"1 بَصُرَ بصر , [aor. بَصُرَ ,] (Sb, M, K,) and بَصِرَ , [aor. بَصَرَ ,] (Lh, K, ) inf. n. بَصَرٌ and بَصَارَةٌ and بِصَارَةٌ , (M, K,) [ He saw; i. e.] he became seeing; syn. صَارَ مُبْصِرًا ; (Sb, M,"
بصل,"The act of stripping, or divesting; [ like as when one strips an onion ( ) of its coats; ] as also .",,"2 تَبْصِيلٌ تبصيل The act of stripping, or divesting; [ like as when one strips an onion ( بَصَلَة ) of its coats; ] (K;) as also . (Fr, K.) You say, بَصَّلْتُ الرَّجُلَ عِنْ ثِيَابِهِ [and ] I stripp"
بعث,The removing of that which restrains one from free action.,,"1 بَعْثٌ عث بعث signifies The removing of that which restrains one from free action. (TA.) [And hence,] -b2- بَعَثَهُ , (S, A, &amp;c.,) aor. بَعَثَ , (A, K,) inf. n. بَعَثٌ (Mgh, L, Msb, TA) and بَعَ"
بقل,"Hence,] said of a boy's face, .",,"1 بَقَلَ بقل قل : see 4, in two places. -b2- [Hence,] said of a boy's face, (S, Mgh, K,) aor. بََُقَ , inf. n. بُقُولٌ , (S,) (tropical:) It put forth its beard, (S, TA,) or hair; (K;) as also and ; ("
بنن,,CROSS_REF,1 بَنڤنَ see 4.
تحت,"Msb, K:) and [signifying The location that is beneath, below, or under, ] is opposed to , and is used in relation to that which is separate from another thing; being used in relation to that which is united with [or a part of] another thing.",,"تَحْت حت تحت is the contr. of فَوْق : (Msb, K:) and التَّحْتُ [signifying The location that is beneath, below, or under, ] is opposed to الفَوْقُ , and is used in relation to that which is separate fr"
ترق,"Sk, JK, S) [or collar-bone ].",,"Q. Q. 1 تَرْقَيْتُهُ ترقى ترقية ترقيته ترقيتة , (ISk, JK, S, K,) inf. n. تَرْقَاةٌ , (ISk, S, K,) I hit, or hurt, his (a man's, ISk, JK, S) تَرْقُوَة [or collar-bone ]. (ISk, JK, S, K.)"
تمم,"The thing was, or became, complete, entire, whole, or full; ., without, or free from, deficiency: and sometimes, the thing was, or became, consummate, or perfect; which latter signification is more properly expressed by :] accord.",,"1 تَمَّ الشَّىْءُ ذ , (T, S, M, K, &amp;c.,) aor. تَمِمَ , (T, M, K,) inf. n. تَمَامٌ , (T, S,) or تِمَامٌ , (M,) or both, and تُمَامٌ , (K,) and تَمَامَةٌ (M, K) and تِمَامَةٌ , (K,) and تمُّ and تَم"
تين,"Arabs: and he adds, on the authority of an Arab of the desert, of the Saráh, that it is, in the Saráh, very abundant, and allowed to be commonly taken; and is eaten by the people there in its fresh state, and also dried and stored: (M:) the word is Arabic: (Msb:) [a coll.",,تِينٌ تين The tree of the بَلَس [or common fig; ficus carica ]: or the بلس itself: (M:) [or both; i. e.] a certain well-known kind of tree; and the fruit thereof: (TA:) [or the latter only;] a certain
تيه,,EMPTY,
ثبي,"1 , or , I sent him good after good, or evil [after evil]. [See also 2.]...",LOW_CONFIDENCE,"1   ثَبَوْتُ لَهُ خَيْرًا بَعْدَ خَيْرٍ   ثبوت له خيرا بعد خير   , or شَرًّا , I sent him good after good, or evil [after evil]. (TA.) [See also 2.]  2   تَثْبِيَةٌ   تثبيه   تثبية   وثب   , [inf. n. "
ثري,"The earth, or land, became moist and soft, after drought and dryness: (M, K:) or became watered by rain that penetrated to its moistness.",,"1 ثَرِيَتِ الأَرْضُ ذ , aor. ثَرَىَ , inf. n. ثَرٌى , The earth, or land, became moist and soft, after drought and dryness: (M, K:) or became watered by rain that penetrated to its moistness. (Msb.) -"
ثمر,"Also It (fruit) was, or became, ripe.",,"1 ثَمَرَ ثمر : see 4, in three places. -b2- Also It (fruit) was, or became, ripe. (T.) -b3- ثَمَرَ لِلْغَنَم He collected trees (which are called ثَمَر , TA [or rather shrubs]) for the sheep or goats."
ثيب,,EMPTY,
جبي,He cut it; or cut it off; as also .,,"1   جَبَّهُ   جب   جبه   جبة   , aor.   جَبُبَ   , (Msb, TA,) inf. n. جَبٌّ (S, A, Mgh, Msb, K) and جِبَابٌ , (A, K, MF,) He cut it; or cut it off; (S, A, Mgh, Msb, K;) as also   . (K, * TA.) -b2- جَب"
جحم,"Ham p. 810.) -A2- , .",,"1 جحُمَتِ النَّارُ جحمت النار , aor. جَحُفَ , inf. n. جُحُومٌ ; and جَحِمَت , aor. جَحَفَ , inf. n. جَحْمٌ and جَحَمٌ [accord. to the CK جُحْمٌ ] and جُحُومٌ ; The fire burned, burned up, burned brigh"
جرد,"The locusts stripped the land of all its herbage; (A, * L;) ate what was upon the land.",,"1 جَرَدَ جرد , aor. جَرُدَ , inf. n. جَرْدٌ : see 2, in nine places. -b2- جَرَدَ الجَرَادُ الأَرْضَ , (A, L, Msb,) aor. and inf. n. as above, (L,) (tropical:) The locusts stripped the land of all its "
جزع,The act of cutting; or cutting off.,,"1 جَزْعٌ جزع [inf. n. of جَزَعَ ] signifies The act of cutting; or cutting off. (TA.) [See also 8.] -b2- [Hence,] جزَعَ لَهُ جِزْعَةً مِنَ المَالِ He cut off for him a portion of the property. (S.) -b"
جهز,,LOW_CONFIDENCE,"1 جَهَزَ عَلَى الجَرِيحِ جهز علي الجريح : see 4, in two places."
جهل,He was ignorant; he was characterized by in any of the senses assigned to this word below: (TA:) and he was ignorant of it; he did not know it; contr.,,"1   جَهِلَ   جاهل   جهل   ; (S;) and جَهِلَهُ , (Sh, Msb, K,) and جَهِلَ بِهِ (JK) [and مِنْهُ (see جَاهِلٌ )]; aor.   جَََهَ   , (K,) inf. n. جَهْلٌ and جَهَالَةٌ (S, Msb, K) and جُهُولِيَّهٌ ; (TA;)"
جوف,"The being [ hollow, or] wide and hollow within: (PS:) or the being empty, vacant, or void: an .",,"1 جَوَفٌ أجوف جوف The being [ hollow, or] wide and hollow within: (PS:) or the being empty, vacant, or void: an inf. n. of which the verb is of the class of تَعِبَ [i. e. جَافَ , originally جَوِفَ , l"
جوو,"The air: (K:) or [the atmosphere; .] what is between the heaven, or sky, and the earth; the air [or the region ] between the heaven, or sky, and the earth: .",,"جَوٌّ   جو   The air: (K:) or [the atmosphere; i. e.] what is between the heaven, or sky, and the earth; (S, Mgh;) the air [or the region ] between the heaven, or sky, and the earth: pl. أَجْوَآءٌ . "
جيب,"1 , . : in art. , in two places....",LOW_CONFIDENCE,"1 جَابَ جاب جابي , aor. يَجِيبُ : see 1 in art. جوب , in two places."
حرر,"Ks, and mentioned by Zj and IKtt; It (a day, S, A, Msb, K, and food, Msb) was, or became, hot; or very hot.",,"حَرَّ   حر   , see. pers. حَرِرْتَ , aor.   حَرَرَ   ; (S, A, Msb, K;) and حَرَّ , sec. pers. حَرَرْتَ , aor.   حَرِرَ   and   حَرُرَ   ; inf. n. حَرٌّ and حُرُورٌ (S, Msb, K) and حَرَارَةٌ , (S, K,) "
حرض,"His stomach became in a corrupt, or disordered, state: (K:) or he (a man) became in a corrupt, or disordered, state, and sick, or diseased, so as to defile himself in his clothes: [see , below:] or he became emaciated (lit.",,"1 حَرِضَ حرض , (S, Msb, K,) aor. حَرَضَ , (Msb, K,) inf. n. حَرَضٌ , (Msb,) His stomach became in a corrupt, or disordered, state: (K:) or he (a man) became in a corrupt, or disordered, state, and sic"
حرق,He filed it: and he rubbed one part of it with another.,,"1 حَرَقَهُ حرق حرقه حرقة , aor. حَرِقَ , inf. n. حَرْقٌ : see 4. -A2- حَرَقَهُ , (S, K,) aor. حَرُقَ , (TA,) inf. n. حَرْقٌ , (S,) He filed it: and he rubbed one part of it with another. (S, K.) -b2- "
حسس,"Yaakoob, S, K;) .",,"1 حَسڤسَ حَسَّ , (first pers. حَسِسْتُ , or حَسَسْتُ , and حَسِيتُ , and حَسَيْتُ , and حَسْتُ ,) as syn. with أَحَسَّ : see 4, throughout. -b2- حَسَّ لَهُ , first pers. حَسَسْتُ , aor. حَسِسَ ; (S, K"
حصي,"He, or it, shaved it off; namely, hair.",,"1   حَصَّهُ   حص   حصه   حصة   , aor.   حَصُصَ   , (TA,) inf. n. حَصٌّ , (A, K,) He, or it, shaved it off; namely, hair. (A, K, TA.) You say also, حَصَّتِ البّيْضَةُ رَأْسَهُ (S, A) [ The helmet rubbe"
حظظ,"He was, or became, fortunate, or possessed of good fortune, in the affair; as also : (K, TA:) or ↓ the latter signifies he was, or became, rich, wealthy, or opulent; or in a state of, or possessed of, competence, or sufficiency; in no need; without wants; or with few wants.",,"حَظَّ   حظ   , sec. pers. حَظِظْتَ , (S, K,) aor. يَحَظُّ , (S,) inf. n. حَظٌّ , (K,) He was, or became, fortunate, or possessed of good fortune, (S, K,) فِى الأَمْرِ   in the affair; (K;) as also   :"
حلي,"See also 2.] -A2- , .",,"1 حَلَيْتُ المَرْأَةَ ذ , aor. حَلِىَ , inf. n. حَلْىٌ , I assigned, or gave, to the woman حُلِىّ [or ornaments ]; and so حَلَوْتُهَا . (S.) [See also 2.] -A2- حَلِيَتْ , (S, Msb, K,) aor. حَلِىَ , (K"
حمم,It (water) became hot.,,"1 حَمَّ حم , (S, K,) see. pers. حَمِمْتَ , aor. حَمَمَ , inf. n. حَمٌّ , (TA,) [or perhaps this should be حَمَمٌ ,] It (water) became hot. (S, K, TA.) -b2- حَمِمْتُ , aor. حَمَمَ , (K,) inf. n. حَمَمٌ"
حنجر,"here mentioned in the K: see art. , in which I have mentioned it as Q. Q., like the two words here following, which are mentioned in the latter art. in the S and K c....",LOW_CONFIDENCE,"حَنْجَرَهُ حنجر حنجره حنجرة , here mentioned in the K: see art. حجر , in which I have mentioned it as Q. Q., like the two words here following, which are mentioned in the latter art. in the S and K &a"
حوط,"He guarded, kept, kept safely, protected, or took care of, him, or it; he defended him, or it; he paid frequent attention to him, or it; he minded, or was regardful of, the things that were for his, or its, good.",,"1 حَاطَ بِهِ حاط به حاط بة , aor. يَحُوطُ : see 4, in three places. -b2- حَاطَهُ , (S, Msb, K,) aor. as above, (S, Msb,) inf. n. حَوْطٌ (S, Msb, K) and حِيطَةٌ and حِيَاطَةٌ , (S, K, TA, [the second a"
حيي,"Basrees, . [ .",LOW_CONFIDENCE,"1   حَيِىَ   حي   حيى   حيي   حييي   , (S, Mgh, Msb, K,) and حَىَّ , (S, K,) which latter is the more common, (Fr, S,) [like مَلَّ , originally مَلِلَ ,] dual حَيِيَا , and حَيَّا , (Fr,) pl. حَيُوا ,"
خبت,"The mention of him, or it, was, or became, concealed: (L:) [app.",,"1 خَبَتَ ذِكْرُهُ ذ The mention of him, or it, was, or became, concealed: (L:) [app. meaning he, or it, was, or became, obscure; or of no reputation, or repute. ] -A2- خَبُثَ , accord. to Z, i. q. خَب"
خبو,"The fire became allayed; subsided; became extinguished; the flaming, or blazing, of the fire ceased, or became allayed or extinguished.",,"1 خَبَتِ النَّارُ خبت النار , aor. تَخْبُو , inf. n. خُبُوٌّ (JK, S, Msb, K) and خَبْوٌ , (K,) The fire became allayed; subsided; (K;) became extinguished; (S, K;) the flaming, or blazing, of the fire"
ختر,"His soul [or stomach ] became heavy; or heaved, or became agitated by a tendency to vomit; syn.",,"1 خَتَرَتْ نَفْسُهُ خترت نفسه خترت نفسة His soul [or stomach ] became heavy; or heaved, or became agitated by a tendency to vomit; syn. خَبُثَتْ : (IAar, K:) and became in a corrupt, or disordered, st"
خردل,Egypt known by the name of .,,"خَرْدَلٌ خردل [Mustard-seed;] the grain of a certain tree, (K,) well known; (S, K;) a species of حُرْف [q. v.]; (JK;) heating; emollient; drawing; a phlegmagogue; lenitive; digestive; used as a linime"
خصف,"The act of adjoining, and putting together.",,"1 خَصْفٌ خصف [inf. n. of خَصَفَ ] signifies The act of adjoining, and putting together. (TA.) -b2- Hence, (TA,) خَصَفَ , (S, Msb, K, TA,) aor. خَصِفَ , (Msb, K,) inf. n. خَصْفٌ , (Msb,) He sewed a sol"
خضر,"1 : , in two places. -A2- : , in two places....",LOW_CONFIDENCE,"1 خَضِرَ خضر خضرة : see 9, in two places. -A2- خَضَرَ : see 8, in two places."
خلل,"Ks, S, K, TA, in the CK ,) [irreg.",,"1 خَلَّ لَحْمُهُ خل لحمه خل لحمة , aor. خَلُلَ , (Ks, S, K, TA, in the CK خَلَلَ ,) [irreg. in the case of an intrans. v. of this class, unless the verb be of the measure فَعُلَ ,] and خَلِلَ , (K,) ["
خمد,"The fire subsided; its flaming; or blazing, ceasing; but its embers remaining unextinguished: (S, Msb, K:) when its embers have become extinguished, you say of it, : (S:) or it died away, and became utterly extinguished.",,"1 خَمَدَتِ النَّارُ خمدت النار , aor. خَمُدَ ; (S, Msb, K;) and خَمِدَت , (A, K,) aor. خَمَدَ ; (K;) inf. n. خُمُودٌ (S, A, Msb, K) and خَمْدٌ ; (IKtt, K;) The fire subsided; its flaming; or blazing, "
خمص,"The man's foot rose from the ground, [or was hollow in the middle of the sole, ] so that it did not touch it.",,"1 خَمِصَتِ القَدَمُ خمصت القدم , aor. خَمَصَ , inf. n. خَمَصٌ , The man's foot rose from the ground, [or was hollow in the middle of the sole, ] so that it did not touch it. (Msb.) -b2- خَمَصَ البَطْن"
خمط,The [ kind of tree called ] : (Bd in xxxiv.,,"خَمْطٌ خمط The [ kind of tree called ] أَرَاك : (Bd in xxxiv. 15:) or a species of the اراك , having a fruit which is eaten: (Lth, S:) or the fruit of the اراك : (IB, K:) or any trees having no thorns"
خنزر,,LOW_CONFIDENCE,خَنْزَرَ خنزر : and خِنْزِيرٌ : see art. خزر .
خوي,"The house became empty, vacant, or un occupied: (S:) in [some of the copies of] the S with teshdeed, [ .",,"1 خَوَتِ الدَّارُ خوت الدار , (JK, S, Msb, K,) aor. تَخْوِى , (Msb,) inf. n. خَوَآءٌ (S, Msb, TA) and خُوِىٌّ , (Msb,) The house became empty, vacant, or un occupied: (S:) in [some of the copies of] "
خيم,"He held back, or refrained, from him, or it, through cowardice, and fear: (JK, K:) ., from war, or from encounter, or conflict.",,"1 خَامَ خام as syn. with خَيَّمَ : see the latter. -b2- خَامَ عَنْهُ , aor. يَخِيمُ , (JK, S, K,) inf. n. خَيْمُومَةٌ (S) and خَيْمٌ and خَيَمَانٌ and خُيُومٌ and خُيومَةٌ and خِيَامٌ , (K, the last b"
دخن,The of the fire rose; [ .,,"1 دَخَنَتِ النَّارُ دخنت النار , aor. دَخَنَ and دَخُنَ , (S, K,) inf. n. دَخْنٌ and دُخُونٌ , (K,) The دُخَان of the fire rose; [i. e. the fire smoked, or sent up smoke; ] as also , (S, K,) of the me"
درك,Golius's Lex.,LOW_CONFIDENCE,"1 دَرَكَ در درك , from which should be derived دَرَاكِ and دَرَّاكٌ , is unused, though its noun درك [i. e. دَرْكٌ or دَرَكٌ , which latter (the more common of the two) see below,] is used. (IB.) [ دَ"
دسو,"He hid it, or concealed it, namely, anything, in the earth or dust, or beneath a thing: (A, Mgh:) he buried it in the earth or dust, or beneath a thing: (K:) or he put it in, or inserted it, beneath: (M:) or, accord.",,"1   دَسَّهُ   س   , (S, M, A, &amp;c.,) aor.   دَسُسَ   , (M, Msb,) inf. n. دَسٌّ (M, A, Mgh, Msb, K) and دَسِّيسَى , (K,) like خِصِّيصَى , (TA,) He hid it, or concealed it, (Lth, S, A, Mgh, Msb, K,) "
دعو,"Fr, K and TA in art.",,"1 دَعَوْتُ ذ and دَعَيْتُ signify the same: (Fr, K and TA in art. دعى :) the aor. of the former is أَدْعُو , (TA in that art.,) sec. pers. fem. sing. تَدْعِينَ and تَدْعُوِينَ and تَدٌعُيْنَ , the las"
دمع,"Msb, TA; [in one copy of the S, , which is a mistake;]) or only , with fet-h to the ; The eye shed tears.",,"دَمَعَتِ العَيْنُ دمعت العين , aor. دَمَعَ , (S, Msb, K,) inf. n. دَمْعٌ (S, Msb) and دَمَعَانٌ and دُمُوعٌ ; (TA;) and دَمِعَت , (AO, S, Msb, K,) aor. دَمَعَ , (Msb, K,) inf. n. دَمَعٌ ; (AO, S, Msb,"
دهر,"An event befell them from fate, or fortune: (A:) or an evil event befell them.",,"1 دَهَرَهُمْ أَمْرٌ ذ , (JK, A, K,) and دَهَرَ بِهِمْ أَمْرٌ , (S, TA,) aor. دَهَرَ , (K,) An event befell them (S, A) from fate, or fortune: (A:) or an evil event befell them. (JK, K.) In a trad. res"
دهق,,EMPTY,
دهي,"He rolled a stone down; (S,* K,* TA;) as also , .",,"R. Q. 1   دَهْدَهَ   دهده   دهدة   , (JK, S, K,) inf. n. دَهْدَهَةٌ , (JK,) He rolled a stone down; (S,* K,* TA;) as also دَهْدَى , (S, K,) inf. n. دَهْدَاةٌ and دِهْدَآءٌ : (S:) or he cast stones, o"
دول,"You say, , . , .",,"1 دَالَ دال i. q. دَارَ . (TA.) You say, دالتِ الأَيَّامُ , (S, Msb, K,) aor. تَدُولُ , (Msb,) inf. n. دَوْلٌ , (KL,) meaning دَارَت ; (S, Msb, K;) [i. e.] The days came round [ in their turns ]. (KL."
ذرع,"You say, The camel stretched forth, or extended, his fore leg in going: and The camel stretched forth, or extended, his arm ( ) in his going.",,"1 ذَرْعٌ ذ , [inf. n. of ذَرَعَ ,] in its primary acceptation, signifies The stretching forth, or extending, the arm, or fore leg: (S, TA:) [or rather, when said of a man, the fore arm; and of a beast"
ذرو,"Aar, but said in the T to be disallowed in this sense by AHeyth; The wind raised it, (T, S, *) or made it to fly, (AHeyth, T, S, * M, K,) and carried it away; (S, * M, Msb, * K;) and dispersed it; namely, a thing, or the dust, c.",,"1 ذَرَتْهُ الرِّيحُ ذ , (T, S, M, Msb, K,) aor. تَذْرُوهُ , (S, M, Msb,) inf. n. ذَرْوٌ ; (S M, Msb, K;) and aor. تَذْرِيهِ , (S, M,) inf. n. ذَرْىٌ ; (S;) and ; and ; (M, K;) the last on the authorit"
ذعن,,LOW_CONFIDENCE,1 ذَعِنَ ذ : see what next follows.
ذكو,"Mgh, K, c.) and accord.",,"1 ذَكَتِ النَّارُ ذ , (S, K, &amp;c.,) aor. تَذْكُو , (S,) inf. n. ذَكًا (S, Mgh, K, &amp;c.) and ذَكَآءٌ accord. to Z (K) and ذُكُوٌّ , (M, K, TA,) like عُلُوٌّ ; (TA; [accord. to the CK ذَكْوٌ ; an"
رأي,"to see; to perceive; to consider; opinion, view, judgment...",LOW_CONFIDENCE,"to see; to perceive; to consider; opinion, view, judgment"
ربص,"1 , or : . -A2- A thing, or an affair, or an event, put me in expectation....",LOW_CONFIDENCE,"1 رَبَصَ بِفُلَانٍ ذ , or بِالشَّىْءِ : see 5. -A2- رَبَصَنِى (K) A thing, or an affair, or an event, put me in expectation. (TA.)"
رتل,"The front teeth were, or became, even in their growth, [or separate, one from another, and even in the manner of growth, well set together, and (accord.",,"1 رَتِلَ الثَّغْرُ ذ , aor. رَتَلَ , inf. n. رَتَلٌ , The front teeth were, or became, even in their growth, (Msb,) [or separate, one from another, and even in the manner of growth, well set together,"
رجس,"The sky thundered vehemently, and became in a state of commotion preparatory to rain; as also .",,"1 رَجَسَتِ السَّمَآءُ ذ , (S, A, K,) aor. رَجُسَ , (S,) inf. n. رَجْسٌ , (S, A,) The sky thundered vehemently, (S, A, K,) and became in a state of commotion (S, K) preparatory to rain; (TA;) as also "
رجو,"Msb, K; *) I hoped for him [or it; relating only to what is possible; syn.",,"1 رَجَوْتُهُ ذ , aor. أَرْجُوهُ , (S, Msb,) inf. n. رَجْوٌ , (S, M, K,) or رُجُوٌّ , (Msb,) and رَجَآءٌ , (S, K, TA, &amp;c., [in the CK erroneously written with the short ا i. e., without the meddeh"
رحق,,CROSS_REF,"رُحَاقٌ ذ : see what follows, in two places."
رعد,"As; The shy thundered: (S, Msb:) or made a sound [ to be heard from the clouds ] previously to rain: (L:) and [in like manner] , .",,"1 رَعَدَتِ السَّمَآءُ ذ , (As, Fr, S, L, Msb,) aor. رَعُدَ (L, Msb) and رَعَدَ , (L,) inf. n. رَعْدٌ and رُعُودٌ ; (Fr, L, Msb;) and , (AO, AA, S, L,) but the latter is disallowed by As; (S, TA;) The"
رغم,His nose clave to the [ .,,"1 رَغِمَ الأَنْفُ ذ , [and, as will be seen from what follows, رَغَمَ , and رَغُمَ , inf. n. رَغْمٌ and رُغْمٌ and رِغْمٌ ,] His nose clave to the رَغَام [i. e. earth, or dust ]. (TA.) -b2- [Hence,] ر"
رفرف,"Its colour shone, or glistened; said of a thing; as also .",,"1 رَفَّ ذ , (T,) or رَفَّ لَوْنُهُ , (S, M, O, K,) aor. رَفِفَ , inf. n. رَفٌّ and رَفِيفٌ , Its colour shone, or glistened; (T, S, M, O, K;) said of a thing; (T;) as also . (K.) Thus رَفَّتْ أَسْنَان"
رمض,"The earth, or ground, and the stones, became vehemently heated by the sun.",,"1 رَمضَت الأَرْضُ ذ , (Mgh,) and الحِجَارَةُ , (A, Mgh,) [aor. رَمَضَ ,] inf. n. رَمَضٌ , (A,) The earth, or ground, (Mgh,) and the stones, (A, Mgh,) became vehemently heated by the sun. (A, Mgh.) -b2"
رمن,"The pomegranate; ] a certain fruit, the produce of a certain tree, well known: (T, S, M, K:) n.",,"رُمَّانٌ ذ [The pomegranate; ] a certain fruit, (T,) the produce of a certain tree, (M,) well known: (T, S, M, K:) n. un. with ة : (S, M, Msb, K:) the sweet sort thereof relaxes the state of the bowel"
رهط,,CROSS_REF,1 رَهڤطَ see what next follows.
زرب,"The constructing a , .",,"1 زَرْبٌ ذ [as an inf. n.] signifies The constructing a زَرِيبَة , (K, TA,) i. e. an enclosure of wood, (TA,) for sheep, or goats: (K, TA:) you say, زَرَبْتُ الغَنَمَ , aor. أَزْرُبُهَا , inf. n. زَرْ"
زلف,"1 : : -A2- and see also 8, in three places....",LOW_CONFIDENCE,"1 زَلَفَ ذ : see 2: -A2- and see also 8, in three places."
زمهر,,LOW_CONFIDENCE,Q. 1 زَمْهَرَ see the next paragraph.
زنم,"The cutting a small portion of the ear of a camel or other animal, and leaving it hanging thereto.",,"2 تَزْنِيمٌ ذ [inf. n. of زنّم ] The cutting a small portion of the ear of a camel or other animal, and leaving it hanging thereto. (KL. [See زَنَمَةٌ .]) -b2- [And hence,] The act of marking with a s"
زيل,"And and and : see , in art.",,"1 زَالَهُ ذ is syn. with أَزَالَهُ , q. v. (S, Msb, K.) -b2- زال زَوَالَهُ , or زال ٱللّٰهُ زَوَالَهُ ; and زال زَوَالَهَا : see زَوَالٌ , in art. زول . And زِيلَ زَوِيلُهُ and زَوِيلُهَا and زَوَالُه"
سدي,"He closed, or closed up, an interstice, or intervening space: (M:) and stopped, or stopped up, or repaired, and made firm or strong, a breach, or gap, and the like.",,"1   سَدَّ   ذ   , (S, M, A, Mgh, Msb, K,) aor.   سَدُدَ   , (S, M, Msb, K,) inf. n. سَدٌّ ; (S, M, Mgh, Msb;) and   ; (M;) [but the latter has an intensive signification, or relates to several objects"
سرح,"The cattle, or camels, pastured, or pastured where they pleased, by themselves; (S, * Msb, K, * TA; *) [or in the morning; for] you say, and : (S:) or pastured in the morning until the [or period of bright morning-sunshine ].",,"1 سَرَحَ المَالُ ذ , (TA,) or سَرَحَتِ المَاشِيَةُ , (S, TA,) or الإِبِلُ , (Mgh, Msb,) aor. سَرَحَ , (Msb, TA,) inf. n. سُرُوحٌ (S, A, Msb, K) and سَرْحٌ , (Mgh, Msb, K,) The cattle, or camels, pastu"
سردق,"El-Jawáleekee to be an arabicized word from [the Pers.] or , An awning extended over the interior court of a house: (S, O, Msb, K:) [and the cover of a tent: ] and any tent of cotton: (S, O, K, and mentioned in the Msb as on the authority of J:) or a [ tent of the kind called ] ; (Bd in xviii.",,"سُرَادِقٌ ذ , said by El-Jawáleekee to be an arabicized word from [the Pers.] سَرَادَرْ or سَرَاطَاقْ , (MF,) An awning extended over the interior court of a house: (S, O, Msb, K:) [and the cover of a"
سرر,"Msb, K, c.,) .",LOW_CONFIDENCE,"1 سَرَّهُ ذ , accord. to the TA, has two contr. significations: for it is there stated that “ one says سَرَرْتُهُ meaning كَتَمْتُهُ and سَرَرْتُهُ meaning أَعْلَنْتُهُ : ” and it is added that “ it w"
سرمد,"Continuance, or incessant continuance, ( , Kh, M, L, and , Kh, L,) of time, either of night or of day.",,"سَرْمَدٌ ذ [signifies, or implies,] Continuance, or incessant continuance, ( دَوَام , Kh, M, L, and اِتِّصَال , Kh, L,) of time, (Kh, M, L,) either of night or of day. (Kh, L.) [I have said “ or impli"
سعي,"Msb, K, c.) [and , agreeably with general analogy], He walked, went, or went along, (Er-Rághib, Msb, K, TA,) quickly: (Er-Rághib, Mgh, TA:) this, accord.",,"1   سَعَى   ذ   , aor. يَسْعَى , inf. n. سَعْىٌ (S, Msb, K, &amp;c.) [and مَسْعًى , agreeably with general analogy], He walked, went, or went along, (Er-Rághib, Msb, K, TA,) quickly: (Er-Rághib, Mgh, "
سنبل,The seed-produce put forth its [or ears ]; as also [ .]: the former of the dial.,,"Q. 1 سَنْبَلَ الزَّرْعُ ذ The seed-produce put forth its سُنْبُل [or ears ]; (M, K;) as also أَسْبَلَ [q. v.]: the former of the dial. of Temeem, and the latter of that of El-Hijáz. (TA.) -A2- سَنْبَل"
سنه,,LOW_CONFIDENCE,"1 سَنڤهَ see 5, in two places."
سهم,"Har p. 449;) He, (a man, TA,) or it, (one's face, S, MA, and Har ubi suprà,) was, or became, altered in colour, or he was, or became, lean or lank, in the belly, and altered [ in colour ]; (S, K, and Har ubi suprà;) [or, accord.",,"1 سَهَمْتُهُ ذ , aor. سَهَمَ , inf. n. سَهْمٌ : see 3. -A2- سَهَمَ , (S, MA, K,) aor. سَهَمَ ; (K;) and سَهُمَ , aor. سَهُمَ ; inf. n. سُهُومٌ , (S, MA, K,) of both verbs, (S, TA,) and of the latter س"
سوح,,CROSS_REF,سَاحٌ ذ [originally سَوَحٌ ]: see what follows.
سوع,"The camels were left to themselves, without a pastor; as also with for its .",,"1 سَاعَتِ الإِبِلُ ذ , aor. تَسُوعُ , (S, K,) inf. n. سَوْعٌ , (S,) The camels were left to themselves, (S, K,) without a pastor; (K;) as also ساعت with تَسِيعُ for its aor. and سَيْعٌ for its inf. n."
سوم,"Er-Rághib, TA.) -b2- You say, or or , .",,"1 سَوْمٌ ذ , inf. n. of سَامَ , primarily signifies The going, or going away, engaged, or occupied, in seeking, or in seeking for or after, or in seeking to find and take or to get, a thing: and somet"
سوي,"Accord. to Golius, , .",,"1 سَوِىَ ذ , aor. يَسْوَى : see 3, in two places. -A2- [Accord. to Golius, سَوَى , inf. n. سِوًى , signifies He intended, or proposed to himself: this he says as on the authority of the KL, in which o"
سيب,"It ran; (S, M, A, * Mgh, Msb, K;) said of water: (S, M, A, Msb:) and , likewise said of water, it ran of itself.",,"1 سَابَ ذ , (S, M, A, Mgh, Msb, K,) aor. يَسِيبُ , (S, A,) inf. n. سَيْبٌ , (S, M, A, K,) It ran; (S, M, A, * Mgh, Msb, K;) said of water: (S, M, A, Msb:) and , likewise said of water, it ran of itsel"
شأن,And Do thou what thou dost well.,,"1 شَأَنْتُ شَأْنَهُ ذ i. q. قَصَدْتُ قَصْدَهُ [meaning I pursued his (another's) way, or course, doing as he did ]; (S, L, K: * in the K, شَأَنَ شَأْنَهُ and قَصَدَ قَصْدَهُ ;) and in like manner one "
شتو,"The winter commenced: like as one says, , .",,"1 شَتَا الشِّتَآءُ ذ , aor. يَشْتُو , inf. n. شتو [app. شُتُوٌّ , The winter commenced: like as one says, رَبَعَ الرَّبِيعُ , inf. n. رُبُوعٌ ]. (TA.) -b2- And شَتَا اليَوْمُ , aor. as above, The day"
شجر,"The being, or becoming, intricate, complicated, perplexed, confused, or intricately intermixed; as also .",,"1 شَجْرٌ ذ is an inf. n. of شَجَرَ , and signifies The being, or becoming, intricate, complicated, perplexed, confused, or intricately intermixed; as also . (TA.) You say, شَجَرَ الأَمْرُ بَيْنَهُمْ ,"
شدد,"Hence,] is an expression used in the same sense as (A and K in art.",,"1 شَدَّ ذ , as an intrans. verb, aor. شَدِدَ , inf. n. شِدَّةٌ : see 8; and see also شِدَّةٌ . -b2- [Hence,] لَشَدَّ مَا is an expression used in the same sense as لَعَزَّ مَا (A and K in art. عز ) an"
شرذم,Kur xxvi. 54.,LOW_CONFIDENCE,"شِرْذِمَةٌ ذ A party, or company, ( طَائِفَةٌ ,) of men, or people: (S:) or a small company: (TA:) or a small number of men, or people: (K:) and so شِرْدِمَةٌ , with the unpointed د , on the authority"
شرع,"The beasts entered into the water, and drank of it: (TA:) and , .",,"1 شَرَعَتِ الدَّوَابٌّ فِى المَآءِ ذ , (S, K,) aor. شَرَعَ , (S,) inf. n. شَرْعٌ and شُرُوعٌ , [the latter of which is the more common,] and , (TA, [there said to be syn. with شُرُوعٌ , like as مَيْس"
شرق,"The sun rose; as also : (K:) the sun rose from the east; and in like manner one says of the moon, and of the stars: (M:) or the sun rose so that its light began to fall upon the earth and trees: (T and TA in art.",,"1 شَرَقَتِ الشَّمْسُ ذ , (S, M, Mgh, Msb, K,) aor. شَرُقَ , (S, M, Msb,) inf. n. شُرُوقٌ (S, M, Mgh, Msb, K) and شَرْقٌ , (S, Msb,) The sun rose; (S, M, Mgh, Msb, K;) as also : (K:) the sun rose from "
شطأ,"Also He walked on the , .",,"1 شَطَأَ ذ : see 4. -A2- Also He walked on the شَاطِئ , i. e. bank, or side, of the river. (K, * TA.) -A3- And He cut lengthwise [ into slices, or strips, ] the hump of a camel, and a skin, or hide. ("
شعل,"Hence,] (assumed tropical:) [ The horsemen became spread or dispersed, or spread or dispersed themselves, in the hostile, or predatory, incursion ]; quasi- .",,"1 شَعَلَتِ النَّارُ ذ : see 8. -b2- [Hence,] شَعَلَتِ الخَيْلُ فِى الغَارَةِ (assumed tropical:) [ The horsemen became spread or dispersed, or spread or dispersed themselves, in the hostile, or predat"
شفق,"He was niggardly of it: (TA:) [thus] the saying [of a poet] means [ Like as the household ] are niggardly of the provision: (IDrd, M, O:) because he who is niggardly of a thing is [ .",,"1 شَفِقَ ذ and شَفَقَ : see 4, in five places. -b2- شَفِقَ عَلَيْهِ signifies He was niggardly of it: (TA:) [thus] the saying [of a poet] كَمَا شَفِقَتْ عَلَى الزَّادِ العِيَالُ means [ Like as the ho"
شفو,"The sun was, or became, near to setting: (K in art.",,"1 شَفَتِ الشَّمْسُ ذ , aor. شَفُوَ , [inf. n. app. شَفًا , but said in the TK to be شَفْوٌ ,] The sun was, or became, near to setting: (K in art. شفو :) and شَفَت , (K in art. شفى ,) [aor. شَفِوَ ,] i"
شفي,"It (a garment, or piece of cloth,) was thin, fine, or delicate, so that what was behind it was visible, (S, * IB, Mgh, [for in some copies of the S, and in others, I read , which is the right reading accord.",,"1   شَفَّ   ذ   , aor.   شَفِفَ   , inf. n. شُفُوفٌ (S, Mgh, O, Msb, K) and شَفِيفٌ (S, O, K) and شَفَفٌ , (CK, [but not in my MS. copy of the K nor in the TA,]) It (a garment, or piece of cloth,) was"
شكك,"The thing, or case, or affair, was, or became, dubious, or confused: (Msb:) -b3- and , first pers.",,"1 شَكَّ ذ is intrans. by itself, and trans. by means of the particle فى : -b2- one says شَكَّ الأَمْرُ , aor. يَشُكُّ [contr. to analogy in the case of an intrans. verb of this class], inf. n. شَكٌّ ,"
شكل,"And . -A2- , or , .",,"1 شَكَلَ ذ , as an intrans. verb: see 4, in three places. -b2- And see 5. -A2- شَكَلَ الفَرَسَ بِالشِّكَالِ , (S,) or شَكَلَ الدَّابَّةَ , (Msb, K,) aor. شَكُلَ , inf. n. شَكْلٌ , (Msb,) He bound [ th"
شمز,My soul shrank from it in dislike or hatred.,,"1 شَمَزَتْ نَفْسِى مِنْهُ ذ , aor. شَمُزَ , (TK,) inf. n. شَمْزٌ , (IAar, K,) My soul shrank from it in dislike or hatred. (IAar, K, TK.) [See also 5, and Q. Q. 4.]"
شمل,"As, and is said by Lh to be rare; .",,"1 شَمِلَهُمُ الأَمْرُ ذ , aor. شَمَلَ ; and شَمَلَهُم , aor. شَمُلَ ; (S, Msb, K;) but the latter verb was unknown to As, (S, TA,) and is said by Lh to be rare; (TA;) inf. n. شَمَلٌ , (Msb, K,) which "
شهو,"It [food c.] was good, sweet, pleasant, or the like.",,"1 شَهِيَهُ ذ and شَهَاهُ : see 8. -A2- شَهَا , aor. شَهُوَ ; and شَهِىَ , aor. شَهَوَ ; inf. n. شَهْوَةٌ ; It [food &amp;c.] was good, sweet, pleasant, or the like. (MA. [But this, the only meaning th"
شوظ,"Kur [lv. 35], where Ibn-Ketheer read , Flame without smoke: (S, Jel, K:) or smoke of fire: and heat of fire: (ISh, K:) and heat of the sun: (K, TA:) or a piece of fire in which is no smoke: or flame of fire: or only of fire and something mixed therewith.",,"شُوَاظٌ ذ and شِوَاظٌ , (S, K, &amp;c., [but in one copy of the S, I find only the former, which is the more common,]) occurring in the Kur [lv. 35], where Ibn-Ketheer read شِوَاظٌ , (TA,) Flame (S, B"
صخر,,LOW_CONFIDENCE,"2 تَصْخِيرٌ ذ [inf. n. of صَخَّرَ ] i, q. تَسْخِيرٌ . (K.)"
صرط,A long sword: a dial. var. of [ .]....,LOW_CONFIDENCE,صُرَاطٌ ذ A long sword: a dial. var. of سُرَاطٌ [q. v.]. (K.)
صعق,The sky smote them with what is termed [ .,,"1 صَعَقَتْهُمُ السَّمَآءُ ذ , (S, O, K,) aor. صَعَقَ , (K,) inf. n. صَاعِقَةٌ , (O, K,) The sky smote them with what is termed صَاعِقَة [i. e. a thunderbolt ]. (S, O, K.) [And صَقَعَتْهُم signifies t"
صلد,The being hard and smooth.,,"1 صَلَادَةٌ ذ and صُلُودَةٌ , [inf. ns. of which the verb is صَلُدَ ,] used in relation to a stone [&amp;c.], signify The being hard and smooth. (M.) [And صَلْدٌ has a similar meaning.] You say, صَلَد"
صلو,"Lh, who says that it is of the dial.",,"1 صَلَوْتُهُ ذ , (K,) or صَلَوْتُ الظَّهْرَ , (M,) I struck, or beat, that part, [ of him, or] of the back, which is called صَلًا : (M:) or I hit that part (M, K) with a thing, or with an arrow or som"
صمع,"1 , . , . , The ear was [ small: (see :) or] cleaving [ to the head ], and small: (Msb:) or was small, and not pointed, or tapering, or slender at the extremity, and had a contraction in the middle, a...",LOW_CONFIDENCE,"1 صَمِعَتِ الأُذُنُ ذ , aor. صَمَعَ , inf. n. صَمَعٌ , (Msb, TA,) The ear was [ small: (see أَصْمَعُ :) or] cleaving [ to the head ], and small: (Msb:) or was small, and not pointed, or tapering, or s"
صنو,"The palm-trees had pairs, or triplets, or more, growing together from single roots.",,"4 اصنى النَّخْلُ ذ The palm-trees had pairs, or triplets, or more, growing together from single roots. (IKtt, TA.)"
صوع,"One says, . [ This is wheat ] that is measured [ with the ].",,"1 صُعْتُهُ ذ , (O, K,) [from صَاعَهُ ,] aor. أَصُوعُهُ , (K,) inf. n. صَوْعٌ , (TA,) I measured it with the صَاع [q. v.]. (O, K.) One says, هٰذَا طَعَامٌ يُصَاعُ i. e. [ This is wheat ] that is measur"
صيص,"The palm-tree bore dates which had become such as are termed , ., ; (K, * TA;) as also , .",,"1 صَاصَتِ النَّخْلَةُ ذ , [aor. تَصِيصُ ,] The palm-tree bore dates which had become such as are termed صِيص , i. e., شِيص ; (K, * TA;) as also , (K,) inf. n. تَصْيِيصٌ ; (TA;) and , (K,) inf. n. إِصَ"
ضأن,"Az, TA, and K in art.",,"1 ضَأَنْتُ الضَّأْنَ ذ I set apart the sheep [ from the goats]. (Az, TA, and K in art. معز .) One says, اِضْأَنْ ضَأْنَكَ وَٱمْعَزْ مَعْزَكَ Set apart thy sheep from the goats, and set apart thy goats"
ضبح,"Suh, TA:) or caused a sound to be heard from their mouths, different from neighing, and from the sound termed , in their running: (TA:) [or it signifies also the horses neighed; for it is said that] is also syn.",,"1 ضَبَحَتِ الخَيْلُ ذ , (AO, S, O, K, * [in the K ضَبَحَ ,]) aor. ضَبَحَ , (K,) inf. n. ضَبْحٌ (AO, S, K) and ضُبَاحٌ , (K,) i. q. نَحَمَت , i. e. [ The horses breathed pantingly, or hard, with a soun"
ضهأ,"Msb, TA:) you say, and , ('Eyn, S, * O, * Msb, * TA,) .",,"3 مُضَاهَأَةٌ ذ is syn. with مُضَاهَاةٌ , (K, TA, [the و before المُضاهاةُ in the CK should be erased,]) i. q. مُشَاكَلَةٌ : (S, O, Msb, TA:) you say, ضَاهَأْتُهُ and ضَاهَيْتُهُ , ('Eyn, S, * O, * Ms"
ضوأ,,LOW_CONFIDENCE,"1 ضَوڤاَ see 4, in two places."
طبق,"Freytag, is expl.",,"1 طَبڤقَ [ طَبَقَهُ , aor. طَبِقَ , accord. to Freytag, is expl. in the K as syn. with أَطْبَقَهُ in the first of the senses assigned to this latter below: but I find no authority for this in the K no"
طغي,"Msb, TA, c.;) not mentioned in the K [in art.",,"1   طَغَى   ذ   , aor. يَطْغَى ; (S, M, Msb, TA, &amp;c.;) not mentioned in the K [in art. طغى , but in some copies thereof mentioned in art طغو ]; perhaps dropped by the copyist; (TA;) and طَغَا , ao"
طفأ,"Msb:) or ceased to flame: (K, TA:) [or rather, ceased to flame and its live coals became cool; for] when the flame of the fire has become allayed but its coals still burn, it is said to be ; and when its flame is extinct and its coals have become cool, it is said to be and .",,"1 طَفِئَتِ النَّارُ ذ , aor. طَفَاَ , inf. n. طُفُوْءٌ (S, Msb, K) and طَفَأٌ ; (TA;) and ; (S, K;) The fire became extinguished, or quenched: (Msb:) or ceased to flame: (K, TA:) [or rather, ceased to"
طلح,The camels had a complaint of their bellies from eating of the trees called .,,"1 طَلِحَتِ الإِبِلُ ذ , (S, A,) [aor. طَلَحَ ,] inf. n. طَلَحٌ , (TA,) The camels had a complaint (S, A) of their bellies (S) from eating of the trees called طَلْح . (S, A. [But see إِبِلٌ .]) -b2- An"
طلع,"The sun rose, or appeared; and in like manner is said of the moon, and of a star, or an asterism; and so ; [and , for] means [ .",,"1 طَلَعَتِ الشَّمْسُ ذ , (S, O, Msb, K,) aor. طَلُعَ [notwithstanding the faucial letter], (Msb, JM, TA,) inf. n. طُلُوعٌ and مَطْلَعٌ and مَطْلِعٌ , (S, O, Msb, K,) the second and third both used as "
طلق,"The she-camel was, or became, loosed from her bond, or cord, by which her fore shank and her arm had been bound together.",,"1 طَلَقَتِ النَّاقَةُ ذ , (S, Mgh, Msb,) aor. طَلُقَ , inf. n. طُلُوقٌ , (Msb,) The she-camel was, or became, loosed from her bond, (S, Mgh, Msb,) or cord, by which her fore shank and her arm had been"
طمأن,,EMPTY,
طوق,,LOW_CONFIDENCE,"1 طَاقَهُ ذ , inf. n. طَوْقٌ : see 4."
ظفر,"See also . -b2- ] , .",,"1 ظَفَرَهُ ذ : see 2. -A2- [See also ظَفَرٌ . -b2- ] ظَفِرَتْ عَيْنُهُ , (T, S, O, K,) aor. ظَفَرَ , inf. n. ظَفَرٌ (S, O) and ظَفَارَةٌ ; (O;) and, as some say, ظُفِرَت ; (T;) His eye had what is ter"
ظلل,"El-Hijáz; . ; (S, * M, O, * Msb, K;) imperative and [and it is implied in the M voce that one says also and , which indicates that the .",,"1 ظَلَّ ذ , aor. يَظِلُّ , inf. n. ظِلَالَةٌ : see 4. -A2- ظَلَّ , (T, M, Msb, K,) first pers. ظَلِلْتُ , (T, S, M, O, Msb, K,) [and accord. to SM ظَلَلْتُ also, for he says that] the verb is of the c"
عبقر,,CROSS_REF,"عَبْقَرٌ ذ : see the following paragraph, in two places."
عجز,The primary signification of [an .,,"1 عَجڤزَ The primary signification of عَجْزٌ [an inf. n. of عَجَزَ ] is The being, or becoming, behind, or behindhand, or backward, with respect to a thing; or holding back, hanging back, or abstainin"
عجف,"Msb, K; *) and ; He, .",,"1 عَجِفَ ذ , (Fr, S, O, Msb, K,) aor. عَجَفَ , inf. n. عَجَفٌ ; (S, * O, * Msb, K; *) and عَجُفَ ; (Fr, S, O, Msb, K;) He, i. e. [a beast, or] a horse, (Msb,) or they, i. e. cattle, ( مَال , Fr, S, O,"
عرب,"His tongue [or speech ] was, or became, Arabic, or chaste Arabic.",,"1 عَرُبَ لِسَانُهُ ذ , [aor. عَرُبَ ,] inf. n. عُرُوبَةٌ , His tongue [or speech ] was, or became, Arabic, (S, O,) or chaste Arabic. (Msb.) -b2- See also 4, first sentence, in three places. -A2- عَرِب"
عرر,"Ktt, K, * TA,) and so the first, and ↓ the second, (K, *) said of young, or unweaned, camels, they had purulent pustules in their necks: (IKtt, K, * TA:) and all the three verbs, said of camels, signify they had a disease which caused their fur to fall off, so that the skin appeared and shone.",,"1 عَرَّتِ الإِبِلُ ذ , aor. عَرِرَ (S, O, K) and عَرُرَ , (K,) inf. n. عَرٌّ ; (S;) The camels were, or became, mangy, or scabby, or affected with the mange or scab; (S, O, K; *) as also ; (O, K; *) a"
عسي,"Zeyd is near to going forth, though generally otherwise expl., as will be shown in what follows], and [ Such a woman is near to going forth ]; being the agent of , and being its objective complement and meaning : and one says also, [as meaning, accord.",,"1 عَسَى ذ is [said by some to be] one of the verbs of appropinquation, implying eager desire, or hope, and fear, and not perfectly inflected, for it is applied in the form of the preterite to that whi"
عصف,"The wind blew violently, or vehemently; as also ; the latter of the dial.",,"1 عَصَفَتِ الرِّيحُ ذ , aor. عَصِفَ , (S, O, Msb, K,) inf. n. عَصْفٌ and عُصُوفٌ , (O, Msb, K,) The wind blew violently, or vehemently; as also ; (S, O, Msb, K;) the latter of the dial. of BenooAsad. "
عضض,"Msb:) or with my tongue; as, for instance, a serpent does; but not a scorpion; for this latter stings: (TA:) accord.",,"1 عَضِضْتُهُ ذ , and عَضِضْتُ عَلَيْهِ , (S, O, Msb, K,) and بِهِ (S, O, Msb,) third pers. عَضَّ , (S,) aor. عَضَضَ , (S, Msb, K,) i. e. يَعَضُّ , (ISk, S, O,) imp. عَضّ [i. e. عَضَّ and عَضِّ ] and ا"
عضو,Arabs signifies [also] [ .,,"1 عَضَا ذ , aor. يَعْضُو , inf. n. عَضْوٌ : see 2, in three places. -b2- العَضْوُ in the language of the Arabs signifies [also] السِّحْرُ [i. e. عَضْوٌ is the inf. n. of عَضَا signifying He enchanted;"
عطو,"Hence] one says [ High, so that the hands will not reach it ].",,"1 عَطَا ذ , [aor. يَعْطُو ,] inf. n. عَطْوٌ : see 6, first quarter, in five places. -b2- [Hence] one says طَوِيلٌ لَا تَعْطُوهُ الأَيَادِى [ High, so that the hands will not reach it ]. (TA.) -b3- And"
عقل,"The .] signifies The act of withholding, or restraining; syn.",,"1 عَقڤلَ [The inf. n.] عَقْلٌ signifies The act of withholding, or restraining; syn. مَنْعٌ . (TA.) [This is app. the primary signification, or it may be from what next follows.] -b2- عَقَلَ البَعِيرَ"
عقم,His joints of the arms and legs became dry.,,"1 عُقِمَتْ مَفَاصِلُهُ ذ His joints (S, K) of the arms and legs (S) became dry. (S, K.) [See عُقْمٌ , below.] Hence, (TA,) it is said in a trad. (S, TA) of Ibn-Mes'ood, relating to the resurrection, ("
علن,"Sk, S, Msb, K, TA, [app., accord.",,"1 عَلَنَ الأَمْرُ ذ , aor. عَلُنَ (S, Msb, K) and عَلِنَ ; (K;) and عَلُنَ , aor. عَلُنَ ; (K;) and عَلِنَ , aor. عَلَنَ ; (ISk, S, Msb, K;) inf. n. عُلُونٌ , which is of the first; (S, Msb;) and عَلَ"
عنكب,,CROSS_REF,"عَنْكَبٌ ذ : see عَنْكَبُوتٌ , in two places."
عين,"The hitting, or hurting, [another] in the eye.",,"1 عَيْنٌ ذ [app. as inf. n. of عَانَ , agreeably with analogy, (like as أَذْنٌ is of أَذَنَ , and أَنْفٌ of أَنَفَ , &amp;c.,) aor. يَعِينٌ ,] signifies The hitting, or hurting, [another] in the eye. "
عيي,,EMPTY,
غثو,"The valley, or water-course, was, or became, full of [ .]: (Msb: [and the like is indicated in the K:]) or had in a abundance of camels' or similar dung ( ) and leaves and reeds or canes.",,"1 غَثَا الوَادِى ذ , (Msb, K,) aor. يَغْثُو , (Msb,) inf. n. غَثْوٌ ; (Msb, K;) and غَثَى , aor. يَغْثِى , inf. n. غَثْيٌ ; (K;) the latter mentioned by IJ, but the former is that which is [commonly] "
غدق,"The spring, or source, abounded with water; as also , .",,"1 غَدِقَتِ العَيْنُ ذ , (S, O, Msb, K,) aor. غَدَقَ , inf. n. غَدَقٌ , (Msb,) The spring, or source, abounded with water; (S, O, Msb, K;) as also , inf. n. إِغْدَاقٌ . (Msb.) And غَدِقَ المَطَرُ , inf"
غصص,"His throat, or fauces, became choked, or obstructed, by food: (S, Msb, MF:) [as also, app., :] accord.",,"1 غَصَّ ذ , (Msb, MF,) sec. pers. غَصِصْتَ , (S, Msb, K,) and غَصَصْتَ , (Msb, K,) the latter extr., (TA, [see 1 in art. عض ,]) aor. يَغَصُّ , (S, Msb, K,) when the sec. pers. of the pret. is غَصِصْتَ"
غلق,"Also, . , He went away.",,"1 غَلَقَ ذ as syn. with أَغْلَقَ : see the latter. -A2- Also, inf. n. غَلْقٌ , He went away. (TA.) -b2- And غَلَقَ فِى الأَرْضِ , aor. غَلِقَ , inf. n. غَلْقٌ , He went far into the land; (Ibn-'Abbád,"
غلي,"The cooking-pot boiled; (MA, c.;) and , .",,"1 غَلَتِ القِدْرُ ذ , aor. تَغْلِى , inf. n. غَلْىٌ and غَلَيَانٌ , (S, MA, Msb, K,) The cooking-pot boiled; (MA, &amp;c.;) and غَلِيَت , aor. تَغْلَى , is an unusual dial. var. thereof, the former be"
غوث,,LOW_CONFIDENCE,1 غَاثَ ذ : see 4. -A2- [And see also غَوِيثٌ .]
غوي,"Obeyd, S, Msb, K, TA) and ; (A 'Obeyd, S, TA;) [respecting which latter see what follows;] and (A 'Obeyd, K, TA, but not in the CK,) but this is not commonly known, .",,"1   غَوَى   ذ   , aor. يَغْوِى , inf. n. غَىٌّ (A 'Obeyd, S, Msb, K, TA) and غَوَايَةٌ ; (A 'Obeyd, S, TA;) [respecting which latter see what follows;] and غَوِىَ (A 'Obeyd, K, TA, but not in the CK,)"
فأي,"Names of the letter , .",,"فَا   ذ   and فآءٌ   Names of the letter   ف , q. v. -A2- فَا as a prefixed n. in the accus. case, syn. with   فَم , see voce فُوهٌ , in art. فوه .  R. Q. 1   فَأْفَأَ   ذ   , (T, M, Msb,) inf. n. فَ"
فتي,"He crumbled a thing, or broke it into small pieces, with his fingers: (Lth, T, TA:) or he broke (a thing, M) with his fingers: (M, K:) or [simply] he broke a thing: (S, O:) or he bruised, or brayed, a thing: (M:) and , .",,"1   فَتَّ   ذ   , (S, M, O, Msb,) aor.   فَتُتَ   , (M, Msb,) inf. n. فَتٌّ , (Lth, T, M, Msb, K,) He crumbled a thing, or broke it into small pieces, with his fingers: (Lth, T, TA:) or he broke (a th"
فرث,"He scattered, or dispersed, [ the contents of ] the [or receptacle made of palm-leaves, for dates ]: (T, * K:) or ripped the , and then scattered, or dispersed, its contents, entirely, [ for the people, or party ].",,"1 فَرَثْتُ الكَرِشَ ذ : see 4. -b2- فَرَثَ الجُلَّةَ , (ISk, T, S, M, O, K,) aor. فَرُثَ , (T, O,) or فَرِثَ , (M,) or both, (ISk, S, K,) inf. n. فَرْثٌ , (T, M,) He scattered, or dispersed, [ the con"
فلك,"1 see the next paragraph, in two places....",LOW_CONFIDENCE,"1 فَلڤكَ see the next paragraph, in two places."
فلن,"Msb, * K, TA,) .",,"فُلَانٌ ذ is a substitute for the proper name of a human being, (S, Msb, * K, TA,) i. e. of a male; (S, TA;) and in like manner , (Msb, K, TA,) for that of a female; (TA,) each without ال ; (Msb:) [th"
فوم,"And] Make ye bread for us: (T, S:) a phrase said by Fr to have been heard from the Arabs as meaning thus.",,"2 فَوَّمْتُ الخُبْزَ ذ I made bread, or the bread. (IJ, M.) [And] فَوِّمُوا لَنَا Make ye bread for us: (T, S:) a phrase said by Fr to have been heard from the Arabs as meaning thus. (T.)"
فيل,"His judgment, or opinion, was weak, and erroneous; as also ; and [in like manner] [not ] he was incorrect in his judgment, or opinion; and occurs in a trad.",,"1 فَالَ رَأْيُهُ ذ , aor. يَفِيلُ , (S, M, O, K,) inf. n. فُيُولَةٌ , (S,) thus in some copies of the K and in the A, (TA,) or فَيْلُولَةٌ , (M, O,) thus in other copies of the K, (TA,) and فَيَالَةٌ "
قبل,"He took, received, or admitted, willingly, or with approbation; he accepted.",,"1 قَبَلَ ذ as syn. with , q. v.: see أَدْبَرَ , in two places. -b2- قَبَحَ اللّٰهُ مَا قَبَلَ مِنْهُ وَمَا دَبَرَ : see دَبَر . -b3- قَبِلَ He took, received, or admitted, willingly, or with approbati"
قثأ,"The land, or the place, abounded with the [ species of cucumber called ] .",,"4 اقثأت الأَرْضُ ذ , (AZ, S, O,) or اقثأ المَكَانُ , (K,) The land, or the place, abounded with the [ species of cucumber called ] قِثّآء . (AZ, S, O, K.) And اقثأ القَوْمُ The people had abundance o"
قدو,"and and A pattern; an exemplar; an example; an object of imitation; one who is, or is to be, imitated. See ....",LOW_CONFIDENCE,"قُدْوَةٌ ذ and قِدْوَةٌ (S, Msb, K,) and قَدْوَةٌ (K,) A pattern; an exemplar; an example; an object of imitation; one who is, or is to be, imitated. (S, Msb, K, TA.) See إِسْوَةٌ ."
قرع,"Mgh, art. .) -b2- .",,"1 قَرَعَ ذ in the sense of ضَرَبَ has مَقْرَعٌ for an inf. n. (Mgh, art. غمز .) -b2- قَرَعَ فِى مِقْرَعِهِ i. q. ضَرَبَ فِى مِضْربِهِ . (TA in art. ضرب .) -b3- قَرَعَ صَفَاتَهُ (tropical:) He impugned"
قري,1 is doubly .: see a verse cited voce ....,LOW_CONFIDENCE,1 قَرَى الضَّيْفَ ذ is doubly trans.: see a verse cited voce قُوهٌ .
قسطس,"Msb, K; and Bd in xvii.",,"قُسْطَاسٌ ذ and قِسْطَاسٌ A balance, or instrument for weighing: (S, Msb, K; and Bd in xvii. 37:) or the most even and most just kind thereof: or such as is just, of whatever kind it be: (K:) or i. q."
قسو,"He sought after, or pursued, it: and he did so repeatedly, or by degrees, and leisurely, or repeatedly and by degrees and leisurely: (S, M, A, K:) as also .",,"1   قَسَّهُ   ذ   , aor.   قَسُسَ   , (M,) inf. n. قَسٌّ (S, M, A, K) and قُسٌّ and قِسٌّ (A, K) and قَسَسٌ , (M, [in which this and the first only are mentioned, accord. to a copy of a portion in my "
قصم,"Artemisia abrotanum, or southern-wood; also called : and is applied to santolina.",,"قَيْصُومٌ ذ Artemisia abrotanum, or southern-wood; also called قَيْصُومٌ ذَكَرٌ : and قَيْصُومٌ أُنْثَى is applied to santolina."
قصو,"He cut it; or he clipped it, or shore it, or cut off from it; namely, hair, and wool, and plumage, and a nail of a finger or toe; with the , .: (A, K:) as also , and, by permutation, : (M:) or these two forms have an intensive signification: or you say, , meaning, I pared the nail and the like.",,"1   قَصَّهُ   ذ   , (S, M, A, Msb, K,) aor.   قَصُصَ   , inf. n. قَصٌّ , (M, Msb,) He cut it; (S, Msb;) or he clipped it, or shore it, or cut off from it; (A, K;) namely, hair, (S, M, A, K,) and wool,"
قطف,"A bunch of grapes, c.: . : see an ex. voce . -b2- . . (TA in art. .) See ....",LOW_CONFIDENCE,"قِطْفٌ ذ A bunch of grapes, &amp;c.: pl. قُطُوفٌ : see an ex. voce ذَلَّلَ . -b2- قِطْفٌ i. q. مَقْطُوفٌ . (TA in art. بسط .) See بَسِيطٌ ."
قطمر,"The cleft ( ) of a date-stone: (M, K:) or the integument ( ) that is upon it ( ): (K:) the thin skin called , which is upon a date-stone, between the stone and the date itself: (K:) or the white point [ .",,"قِطْمِيرٌ ذ (S, K) and قِطْمَارٌ (K) The cleft ( شَقّ ) of a date-stone: (M, K:) or the integument ( قِشْرَة ) that is upon it ( فِيهَا ): (K:) the thin skin (S, K) called فُوفَة , which is upon a dat"
قعد,He sat; . [when the latter is used in its largest sense]; so accord.,,"1 قَعَدَ ذ , (S, K, &amp;c.,) aor. قَعُدَ , (A, L,) inf. n. قُعُودٌ and مَقْعَدٌ (S, L, K) and قَعْدٌ , (L,) He sat; i. q. جَلَسَ [when the latter is used in its largest sense]; (S, A, L, K;) so accor"
قعر,The well was deep; had a deep bottom.,,"1 قَعُرَتِ البِئْرُ ذ , aor. قَعُرَ , inf. n. قَعَارَةٌ , The well was deep; had a deep bottom. (S, K. *) -A2- قَعَرَ البِئْرَ , (S, K,) aor. قَعَرَ , inf. n. قَعْرٌ , (TA,) He reached the bottom of t"
قلم,and and : see . -b2- A writing-reed prepared for writing; a reed-pen....,LOW_CONFIDENCE,قَلَمٌ ذ and and : see جَلَمٌ . -b2- A writing-reed prepared for writing; a reed-pen.
قلي,"It was, or became, few; small, or little, in number, quantity, or amount; scanty.",,"1   قَلَّ   ذ   , It was, or became, few; small, or little, in number, quantity, or amount; scanty. -b2- هُوَ يَقِلُّ عَنْ كَذَا   He, or it, is smaller than, or too small for, such a thing; syn. يَصْ"
قمع,,CROSS_REF,1 قَمَعَهُ ذ : see قَمَأَهُ .
قمل,,CROSS_REF,1 قَمِلَ ذ : see تِينٌ .
قني,An isolated mountain.,,"قُنَّةٌ   ذ   An isolated mountain. (K, voce جَبَلٌ .) See a verse cited in art. عز .  قِنَّةٌ   ذ   Galbanum: so in the present day: see سَكْبِينَجٌ .  رَجُلٌ أُنَنَةٌ قُنَنَةٌ   ذ   : see art. ان . "
قوع,"An even place; (S, voce ;) plain, or level, land, that produces nothing; plain, or soft, land, ( ,) low, and free from mountains.",,"قَاعٌ ذ An even place; (S, voce مَقَدٌّ ;) plain, or level, land, (S, Msb,) that produces nothing; (IF, Msb;) plain, or soft, land, ( أَرْضٌ سَهْلَةٌ ,) low, and free from mountains. (K.) See also رَو"
كدي,"He toiled; or was, or became, vehement, or severe, in work; he worked laboriously; he fatigued himself, and hastened, in his work.",,"1   كُدَّ   ذ   , aor.   كَدُدَ   , (L,) inf. n. كَدٌّ , (S, L, K,) He toiled; or was, or became, vehement, or severe, (S, A, L, K,) in work; (S, A, L;) he worked laboriously; (TA;) he fatigued himsel"
كسف,,CROSS_REF,كَاسِفُ البَالِ ذ : see بَالٌ .
كسو,1 [ I invested him with a sword ]. (TA in art. .)...,LOW_CONFIDENCE,1 كَسَوْتُهُ سَيْفًا ذ [ I invested him with a sword ]. (TA in art. غشو .)
كعب,"The girl's breast swelled, or became prominent or protuberant, and round: (TA:) [or began to swell, c.: see ]: or they use the term ; then ; and then ; [as applied to the successive stages of growth of the breast].",,"كَعَبَ الثَّدْىُ ذ , aor. كَعِبَ and كَعُبَ , (it seems to be implied in one place in the K, that the aor. is كَعَبَ ; but this is not the case; TA,) inf. n. كُعُوبٌ and كِعَابَةٌ (by MF written كَعَا"
كلم,,LOW_CONFIDENCE,3 كَالَمَهُ ذ i. q. نَاطَقَهُ . (TA in art. نطق .)
كلو,"1 , first pers. , . ; and , first pers. , . ; ., ; see ....",LOW_CONFIDENCE,"1 كَلَا ذ , first pers. كَلَاتُ , aor. يَكْلُو ; and كَلَا , first pers. كَلَيْتُ , aor. يَكْلَا ; inf. n., كِلَايَةٌ ; see كَلَأَ ."
كمم,,CROSS_REF,"كَمْ   ذ   : see its syn. كَأَىٍّ or كَأَيِّنْ voce أَىٌّ . -b2- As an interrogative with the specification suppressed, What number? How many? and, as in an ex. voce سِقْىٌ , virtually meaning How muc"
كمه,,LOW_CONFIDENCE,أَرْضٌ كَمْهَآءٌ ذ i. q. مُغِمَّةٌ and مِغَمَّةٌ . (TA in art. غم .)
كنن,"Beyd, xvi. 83:) see .",,"كِنٌّ   ذ   A place of retreat or concealment; such as a cave, and an excavated house or chamber: (Beyd, xvi. 83:) see بَرٌّ . -b2- كِنٌّ The shelter of a wall: see دِفْءٌ . -b3- A thing that serves f"
كهف,,EMPTY,
كهن,,EMPTY,
كوكب,,CROSS_REF,كَوْكَبٌ ذ &amp;c.: see art. ككب .
كيف,"Muslim theologians, verbs derived from , [signifying I specified by the ascription of its quality and it became so specified, ] are formed in accordance with analogy, not heard from the Arabs.",,"2 كَيَّفْتُهُ فَتَكَيَّفَ ذ , used by the Muslim theologians, (K, TA,) verbs derived from كَيْفَ , (TA,) [signifying I specified by the ascription of its quality and it became so specified, ] are form"
كيل,,LOW_CONFIDENCE,8 اِكْتَالَ عَلَيْهِ ذ and مِنْهُ : see عَلَى in the sense of مِنْ .
كين,10 : see in art. : and see art. ....,LOW_CONFIDENCE,10 اِسْتَكَانَ ذ : see اِسْتَكَنَ in art. سكن : and see art. كون .
لؤلؤ,,EMPTY,
لبن,"The small guts or intestines, in which originate the lacteals; ] the intestines in which is the milk.",,"بَنَاتُ لَبَنٍ ذ [app. The small guts or intestines, in which originate the lacteals; ] the intestines in which is the milk. (M, K.) See حَويَّةٌ , termed بَنَاتُ اللَّبَنِ . -b2- لَبَنَةٌ [n. un. of "
لحف,,CROSS_REF,لِحَافٌ ذ : see what follows.
لحي,1 : see a verse cited voce . -b2- : see ....,LOW_CONFIDENCE,1 لُحِىَ ذ : see a verse cited voce خَطَبَ . -b2- لَحَاهُ ٱللّٰهُ : see شَرَاهُ .
لدن,Supple; lithe; limber; limp; pliant; pliable; flexible.,,لَدْنٌ ذ Supple; lithe; limber; limp; pliant; pliable; flexible.
لسن,"Chasteness, or perspicuity, or clearness, of speech, and eloquence; .",,"لَسَنٌ ذ Chasteness, or perspicuity, or clearness, of speech, (S, Msb, K,) and eloquence; (Msb;) i. q. بَيَانٌ : or, as some say, the quality of speaking well: and chasteness, or perspicuity, or eloqu"
لظي,The .] is also syn.,,"1   لَظَّ   ذ   : see 4. -b2- [The inf. n.] لَظٌّ is also syn. with   طَرْدٌ [The act of driving away; &amp;c.]. (Ibn- 'Abbád, K.)  3   مُلَاظَّةٌ   ذ   , inf. n. of لَاظَّ : and, as also لِظَاظٌ , ir"
لعن,A man who is much cursed. (TA in art. .)...,LOW_CONFIDENCE,لُعْنَةٌ ذ A man who is much cursed. (TA in art. خدع .)
لفح,"Zj:) or relates to a hot wind; and , to a cold, or cool, wind: (As, S:) you also say meaning the blew in his face.",,"1 لَفَحَتْهُ النَّارُ ذ , (S, M, K,) aor. لَفَحَ , (M,) inf. n. لَفْحٌ and لَفَحَانٌ , (M, K,) The fire smote, or hurt, his face; as also لفحت وَجْهَهُ : (M, O:) the fire burned him; (TA;) as also نفح"
لمم,"God rectified, or repaired, and consolidated, what was disorganized, disordered, or unsettled, of his affairs.",,"1 لَمَّ ٱللّٰهُ شَعَثَهُ ذ God rectified, or repaired, and consolidated, what was disorganized, disordered, or unsettled, of his affairs. (S.)"
لهم,"God directed him by inspiration to that which was good, or to prosperity ] (TA, art.",,"4 أَلْهَمَهُ ٱللّٰهُ لِلْخَيْرِ ذ [ God directed him by inspiration to that which was good, or to prosperity ] (TA, art. وفق ) -b2- أَلْهَمَهُ إِيَّاهُ He suggested it to him; (in the order of the wor"
ليل,,CROSS_REF,"لَيْلٌ ذ : see نَهَارٌ . -b2- بَنَاتُ اللَّيْلِ Wishes: (T, TA in art. بنى :) and anxieties. (TA ibid.) -b3- اِبْنُ اللَّيْلِ The thief, or robber: (T in art. بنى :) and the wayfarer, or traveller. (E"
محص,"See also 5, throughout.",,"1 مَحْصٌ ذ [an inf. n. of which the verb is app. مَحَصَ , aor. مَحَصَ ,) A thing's becoming, or being, clear, pure, or free from admixture. (TA.) See also 5, throughout. -A2- مَحَصَهُ : see 2, in thre"
محل,The stars set aurorally and brought no rain.,,"4 أَمْحَلَتِ النُّجُومُ ذ The stars set aurorally and brought no rain. (S, K * in art. خوى .)"
محن,"A trial, or trying affliction: (S:) . ....",LOW_CONFIDENCE,"مِحْنَةٌ ذ A trial, (S, Msb, K,) or trying affliction: (S:) pl. مِحَنٌ . (Msb.)"
مخر,"The ship clave the water with its stem, and ran: (AHeyth:) or clave the water with a noise: (A:) or ran, cleaving the water with a noise: (S:) or ran: or faced the wind in her course: (K:) or advanced and retired.",,"1 مَخَرَتِ السَّفِينَةُ ذ , (S, A, K,) or مخرت السفينة المَآءَ , (TA,) aor. مَخَرَ (S, K) and مَخُرَ , (S, TA,) inf. n. مَخْرٌ and مُخُورٌ , (S, K,) The ship clave the water with its stem, and ran: ("
مدن,,CROSS_REF,مَيْدَانٌ ذ : see art. ميد .
مرأ,,EMPTY,
مرح,"The water-skin leaked, or let out its water through the punctures made in sewing it.",,"1 مَرِحَتِ القِرْبَةُ ذ , aor. مَرَحَ , inf. n. مَرَحَانٌ , The water-skin leaked, or let out its water through the punctures made in sewing it. (L.) -b2- مَرِحَ السَّحَابُ The clouds poured forth rai"
مرو,"A spade; [so in the present day;] syn. ; with which one works in land of seed-produce: (M and K, voce :) or the handle thereof: and in like manner, of the [app. here meaning fire-shovel ]: (M:) [see ]...",LOW_CONFIDENCE,"مَرٌّ   ذ   A spade; [so in the present day;] syn. مِسْحَاةٌ ; (M, K;) with which one works in land of seed-produce: (M and K, voce بَالٌ :) or the handle thereof: (M, K;) and in like manner, of the  "
مري,The wind draws forth the clouds.,,"1 الرِّيحُ تَمْرِى السَّحَابَ ذ and The wind draws forth the clouds. (M, TA.) See an ex. in a verse cited voce عَزْلَآءُ ."
مزن,"Clouds (K, and Ham, p.",,"مُزْنٌ ذ Clouds (K, and Ham, p. 564) of any kind: (Ham, ibid:) or white clouds: (S, K, and Ham, p. 53:) or clouds containing water. (K.)"
مسك,,CROSS_REF,1 يُمْسِكُ الرَّمَقَ ذ : see art. رمق .
مسو,"Sb, * S, M, * K,) and transferring the kesreh thereof to the (Sb, * S, M, *) contr.",,"1   مَسَّهُ   ذ   , (A, Mgh,) first pers. مَسِسْتُهُ , (S, M, Msb, K,) for which they sometimes say مِسْتُهُ , rejecting the first س , (Sb, * S, M, * K,) and transferring the kesreh thereof to the م ("
مضغ,"Khálid Ibn-Jembeh, TA:) or as much as is chewed [ at once ]: (Msb:) and such as the heart, and the tongue, of a man: (TA:) and a fœtus when it has become like a lump of flesh: see Kur.",,"مُضْغَةٌ ذ A piece, or bit, of flesh (T, S, K), &amp;c.: (T, K:) or a morsel, or gobbet, of flesh, i. e. a piece of flesh such as a man puts into his mouth: (Khálid Ibn-Jembeh, TA:) or as much as is c"
مطر,"The sky, or, as it sometimes means, the rain, ] rained; as also : (T, S, Msb:) but the former is said to relate to that which is sent in mercy, and the latter to that which is sent in punishment.",,"1 مَطَرَتِ السَّمَآءُ ذ , aor. مَطُرَ , inf. n. مَطَرٌ , [ The sky, or, as it sometimes means, the rain, ] rained; as also : (T, S, Msb:) but the former is said to relate to that which is sent in mer"
مطو,He drew it; pulled it; strained it; extended it by drawing or pulling; stretched it; stretched it out; extended it; lengthened it; .,,"1   مَطَّهُ   ذ   , (S, K,) aor.  مَطُطَ   , (S, TA,) inf. n. مَطٌّ , (TA,) He drew it; pulled it; strained it; extended it by drawing or pulling; stretched it; stretched it out; extended it; lengthen"
معز,"The thing [and the ground ] was, or became, hard.",,"1 مَعِزَ الشَّىْءُ ذ , [and مَعِزَتِ الأَرْضُ , accord. to the explanation of the inf. n. in the S,] aor. مَعَزَ , (TK,) inf. n. مَعَزٌ , (S, K, TK,) The thing [and the ground ] was, or became, hard. "
معي,"It is said to denote the commencement of concomitance, though this is not invariably the case.",,"مَعَ   ذ   [generally thus in all cases] is a word, or noun, (S, K,) or particle, (K,) denoting concomitance, (S, K,) &amp;c. (K.) It is said to denote the commencement of concomitance, though this is"
مكر,"Msb, c.,) see .",,"1 مَكَرَ بِهِ ذ i. q. خَدَعَهُ , (Msb, &amp;c.,) see كَادَهُ ."
مكو,"The bird so called, because of its colour: see .",,"مُكَّآءٌ ذ The bird so called, because of its colour: see أَخْرَجُ ."
ملأ,He filled a vessel c.,,"1   مَلَأَ   ذ   , aor.  مَلَاَ   , inf. n. مَلْءٌ (S, K) and مَلْأَةٌ and مِلْأَةٌ ; (K;) and مَلِئَ ; (TA;) and   , inf. n. تَمْلِئَةٌ ; (K;) He filled (K;) a vessel &amp;c. (S, TA.) You may also sa"
ملح,"Such a woman suckled, or gave suck, for such a one.",,"1 مَلَحَتْ فُلَانَةٌ لِفُلَانٍ ذ , (aor. مَلَحَ and مَلُحَ , L,) (tropical:) Such a woman suckled, or gave suck, for such a one. (A, L.) -b2- مَلَحْنَا لِفُلَانٍ , inf. n. مَلْحٌ , (S,) We [meaning th"
ملو,"He put it (namely bread, or flesh-meat,) into hot ashes, [ to bake, or roast ].",,"1   مَلَّهُ   ذ   He put it (namely bread, or flesh-meat,) into hot ashes, [ to bake, or roast ]. (K, &amp;c.) -b2- مَلَّ الثَّوْبَ   He sewed, or tacked, the garment, or piece of cloth, [ slightly, ]"
نتق,,EMPTY,
نجو,Alvum dejecit; ventumve per anum emisit: (TA:) he voided his ordure; or broke wind.,,"1 نَجَا ذ Alvum dejecit; (Msb, TA;) ventumve per anum emisit: (TA:) he voided his ordure; or broke wind. -b2- نَجَا , inf. n. نَجَآءٌ , He was quick, or swift, and outstripped. (S.) See an ex. of the"
نحس,,CROSS_REF,5 تَنَحَّسَ see 10.
نحل,"His body became lean, or emaciated.",,"1 نَحَِلَ جِسْمُهُ ذ His body became lean, or emaciated. (S.)"
نخل,,CROSS_REF,1 نَخڤلَ see 8.
نزغ,,EMPTY,
نسف,The wind carried it away; .,,"1 نَسَفَتْهُ الرِّيحُ ذ , (Mgh, Msb, TA,) aor. نَسِفَ , (TA,) inf. n. نَسْفٌ ; (Msb, TA;) and , (TA,) The wind carried it away; (TA;) i. q. ذَرَتْهُ [q. v.]; (Mgh;) namely, dust. (Mgh, Msb.)"
نسل,,LOW_CONFIDENCE,8 اِنْتَسَلَ ذ said of camels' fur: see عَصِيمٌ .
نسو,,CROSS_REF,1 نَسڤوَ see 6.
نسي,He went at a gentle pace.,,"1   نَسَّ   ذ   , aor. يُنُسُّ , He went at a gentle pace. (TA, art. خبز .)  R. Q. 1   نَسْنَسَتِ الرِّيحُ   ذ   The wind blew coldly: see R. Q. 1 in art. سن .  رِيحٌ نَسْنَاسَةٌ   ذ   A cold wind: se"
نصي,,CROSS_REF,"5   تَنَصَّى بَنِى فُلاَنٍ   ذ   : see تَذَرَّى .  نَصِىٌّ   ذ   A certain plant: (S, TA:) Golius says, a species of thistle; but this seems to be inconsistent with the description of it: see رَيِّجَة"
نضر,"A tree of which yellow cups ( ) are made. (T, in TA, voce .) See ....",LOW_CONFIDENCE,"نُضَارٌ ذ A tree of which yellow cups ( أَقْدَاح ) are made. (T, in TA, voce غَرَبٌ .) See وَرْسِىٌّ ."
نطف,Earrings: see a verse cited in art.,,نَطَفٌ ذ Earrings: see a verse cited in art. سجد .
نطق,"Ham, p. 75. -b2- means he pronounced it, or articulated it.",,"1 نَطَقَ ذ trans. by means of ب : see Ham, p. 75. -b2- نَطَقَ بِهِ means he pronounced it, or articulated it. -b3- نَطَقَ , said of a bird or any animal: see Bd, xxvii. 16."
نعل,,CROSS_REF,1 نَعڤلَ see 4.
نعم,"His life was, or became, plentiful and easy: (Msb:) was, or became, good, or pleasant.",,"1 نَعِمَ عَيْشُهَُ ذ His life was, or became, plentiful and easy: (Msb:) was, or became, good, or pleasant. (Mgh.) See عَوْفٌ . -b2- نَعِمَ , aor. نَعُمَ , is like فَضِلَ , aor. نَعُمَ , and حَضِرَ , "
نفق,"The marked became brisk, its goods selling much; syn.",,"1 نَفَقَتِ السُّوقُ ذ The marked became brisk, its goods selling much; syn. قَامَت . (K.) -b2- نَفَقَ It was, or became, saleable; easy, or ready, of sale; or in much demand: see its syn. رَاجَ . -b3-"
نكر,"He was, or became, ignorant: or perhaps only the .",,"1 نَكِرَهُ ذ : see 4, in several places. -A2- نَكُرَ , inf. n. نَكَارَةٌ , [ He was, or became, ignorant: or perhaps only the inf. n. of the verb in this sense is used: see نَكَارَةٌ , below. -b2- And"
نكل,,LOW_CONFIDENCE,"1 نَكِلَ ذ , aor. يَنْكُلُ , see 1 in art. فضل ."
نمرق,,EMPTY,
نوب,"He came to them time after time, The Hudhalee (Aboo-Sahm Usámeh, TA,) says, Slender in the belly, an object of the chase, in a part of the desert far from roster and pasture; he will not come to the water otherwise than time after time.",,"1 نُبْتُهُ ذ , aor. يَنُوبُ inf. n. نَوْبٌ ; and ; I came to him by turns, (TA,) -b2- * اِنْنَابَهُمْ , inf. n. اِنْتِيَابٌ , He came to them time after time, (S, K.) The Hudhalee (Aboo-Sahm Usámeh, T"
نور,"1 ., in the sense of : see the latter, in two places. -A2- : . -A3- (tropical:) I made a mark upon the camel with a hot iron. See ....",LOW_CONFIDENCE,"1 نَارَ ذ intrans., in the sense of أَنَارَ : see the latter, in two places. -A2- نَارُوا النَّارَ : see 5. -A3- نُرْتُ البَعِيرَ (tropical:) I made a mark upon the camel with a hot iron. (M, K.) See "
نوم,,EMPTY,
نون,"The dimple in the chin of a young child: (M, K:) see , and , and , and 2 in art.",,"نَوْنَةٌ ذ The dimple in the chin of a young child: (M, K:) see خُنْعُبَةٌ , and قَلْتَةٌ , and دَائِرَةٌ , and 2 in art. دسم ."
هاء,,EMPTY,
هات,,EMPTY,
هبو,"The ashes became mixed with dust, and extinguished: (JK, TA:) and .",,"1 هَباَ الرَّمَادُ ذ , (JK, TA,) aor. يَهْبُو , (TA,) The ashes became mixed with dust, and extinguished: (JK, TA:) and هَباَ الجَمْرُ . (M, art. رمد .)"
هرع,,EMPTY,
هضم,,LOW_CONFIDENCE,1 هضَمَهُ ذ and اِهْتَضَمَهُ : see تَخَوَّفَهُ . -b2- هَضَمَ لَهُ مِنْ مَالِهِ : see خَضَمَ .
هطع,,EMPTY,
هلع,,EMPTY,
هلل,,CROSS_REF,4   أَهْلَلْنَا هِلَالَ شَهْرِ كَذَا   ذ   : see سَلَخَ .  10   اِسْتَهَلَّ   ذ   : see a verse cited at the close of the first paragraph of art. ضحك . -b2- See also a verse cited voce أَفْثَأَ . -b3-
هلم,"Come. (S, K, c.) -b2- It is .; as in Come to us.",,"هَلُمَّ ذ i. q. نَعَالَ Come. (S, K, &amp;c.) -b2- It is intrans.; as in هَلُمَّ إِلَيْنَا Come to us. And tran also; as in هَلُمَّ شُهَدَآءَ كُمْ Cause your witnesses to come; bring your witnesses. "
همد,"The fire became extinguished entirely; went out entirely, none of it remaining: (L:) or lost its heat: (L, K:) when [only] its flame has ceased, you say of it .",,"1 هَمَدَتِ النَّارُ ذ , aor. هَمُدَ , (S, A, L,) inf. n. هُمُودٌ , (S, A, L, K,) The fire became extinguished (As, S, A, L, K) entirely; went out entirely, (As, S, A, L,) none of it remaining: (L:) or"
همن,,EMPTY,
هيم,,CROSS_REF,2 هَيَّمَهُ ذ : see هُيُومٌ .
وأل,"1 : see , in art. , in two places....",LOW_CONFIDENCE,"1 وَأَلَ ذ : see آلَ , in art. اول , in two places."
وبر,The palm-tree was fecundated: ] .,,"1 وُبِرَتِ النَّخْلَةُ ذ [ The palm-tree was fecundated: ] i. q. أُبِرَتْ , i. e. أُلْقِحَتْ . (Aboo-'Amr Ibn-El-'Alà, in L, art. أبر .) See art. أبر ."
وبق,,EMPTY,
وتر,The vein ( [meaning the frenum ]) that is in the inner side ( ) of the glans of the penis.,,"وَتَرَةٌ ذ The vein ( عِرْق [meaning the frenum ]) that is in the inner side ( بَاطِن ) of the glans of the penis. (S, K, and Zj, in his “ Khalk el-Insán. ”)"
وتن,"Zj in his “ Khalk el-Insán: ”] or [ the aorta ascendens; ] the of the heart: or a certain white vein within the back of the neck: it is said to draw up [ its supply ] from the heart, and in it is the blood.",,"الوَتِينُ ذ [ The aorta: or the aorta descendens: ] a certain vein [ or artery ] adhering to the inner side of the backbone all along, which supplies all the [ other ] veins [ or arteries ] with blood"
وثن,An idol: see and and .,,وَثَنٌ ذ An idol: see صَنَمٌ and عَثَنٌ and عَنَنٌ .
وجف,,EMPTY,
وجل,,EMPTY,
وجه,"2 and ; . , . : see arts. and , and , conj. 2....",LOW_CONFIDENCE,"2 وَجَّهْتِ سِجَافَتَهُ ذ and سِدَافَتَهُ ; i. e. هَتَكْتِ سِتْرَهُ , i. e. أَخَذْتِ وَجْهَهَا : see arts. سجف and سدف , and جوه , conj. 2."
وحي,"He revealed to him; or spake, or made known, to him by revelation -b2- Also, He suggested to him; or put into his mind.",,"4   أَوْحَى إِلَيْهِ   ذ   He (God) revealed to him; or spake, or made known, to him by revelation -b2- Also, He suggested to him; or put into his mind. (Mughnee voce أَنْ .)  وَحِىٌّ   ذ   Hasty; (K;"
ودق,"Rain, whether violent or gentle: (TA:) or violent rain.",,"وَدْقٌ ذ Rain, (S, K, TA,) whether violent or gentle: (TA:) or violent rain. (MF in art. قهب .)"
ورق,"Silver, whether coined or not: (AO, TA:) or coined dirhems; coined silver.",,"وَرِقٌ ذ Silver, whether coined or not: (AO, TA:) or coined dirhems; (S, K;) coined silver. (Mgh.) See عَيْنٌ ."
وزع,,LOW_CONFIDENCE,الوَزَعَةُ ذ i. q. أَعْوَانُ الرَّجُلِ . (TA in art. امل .) وازِعٌ : see فَارِعٌ .
وسط,A middle-sized tent of goats hair: see ....,LOW_CONFIDENCE,وَسُوطٌ ذ A middle-sized tent of goats hair: see مِظَلَّةٌ .
وسق,,CROSS_REF,وَسْقٌ ذ A camel's load: see وِقْرٌ .
وسل,,CROSS_REF,1 وَسڤلَ see 5.
وسن,,EMPTY,
وصي,"He enjoined him; charged him; bade him; ordered him: (K, c.:) he commanded him, , to do such a thing.",,"2   وَصَّاهُ   ذ   and   He enjoined him; charged him; bade him; ordered him: (K, &amp;c.:) he commanded him,   بِكَذَا , to do such a thing. (Msb.)  4   أَوْصَى لَهُ بِالثُّلُثِ   ذ   He bequeathed t"
وضن,"A girth ( ) wide, woven of thongs or hair, or only of skin; said to be adapted for the and the ; the being peculiarly for the : (M:) or it is for the , like the for the and the for the and the for the...",LOW_CONFIDENCE,"وَضِينٌ ذ A girth ( بِطَان ) wide, woven of thongs or hair, or only of skin; (M, K;) said to be adapted for the رَحْل and the هَوْدَج ; the بِطَان being peculiarly for the قَتَب : (M:) or it is for th"
وفق,"His affair, or case, was right, agreeable with what was wished, or desired.",,"1 وَفِقَ أَمْرُهُ ذ His affair, or case, was right, agreeable with what was wished, or desired. (A, TA.)"
وقب,The darkness came in upon the people.,,"1 وَقَبَ الظَّلَامُ ذ The darkness came in upon the people. (S, K *.) -b2- So in the verse of the Kur. [cxiii. 3,] وَمِنْ شَرِّ غَاسِقٍ إِذَا وَقَبَ And from the mischief of night when it cometh in up"
وقد,"El-Basáïr, TA,) and and and and and ; and , and , and ; The fire burned; burned up; burned brightly or fiercely; blazed; or flamed; syn.",,"1 وَقَدَتِ النَّارُ ذ , aor. تَقِدُ , inf. n. وُقُودٌ (S, A, L, Msb, K) and وَقُودٌ , (Sb, Zj, L, K,) but this is a deviation [as to form] from the constant course of speech, and most hold that the fo"
وقر,"Hence,] , . , .",,"1 وَقَرَ ذ as syn. with أَوْقَرَ : and وُقِرَتِ النَّخْلَةُ as syn. with أَوْقَرَت : see 4. -A2- [Hence,] وَقَرَ ٱللّٰهُ أُذُنَهُ , aor. يَقِرُهَا , (S, Msb, K,) inf. n. وَقْرٌ , (S, Msb,) (tropical:)"
وقع,"The thing, or affair, [ fell, befell, ] happened; took place; came to ; became [ executed, performed, or] realized; syn.",,"1 وَقَعَ الأَمْرُ ذ The thing, or affair, [ fell, befell, ] happened; took place; came to pass; became [ executed, performed, or] realized; syn. حَصَلَ . (TA.) -b2- وَقَعَ فِى He lighted, or came, upo"
وقي,God preserved him from evil.,,"1 وَقَاهُ ٱللّٰهُ السُّوْءَ ذ God preserved him from evil. (Msb.) See a verse cited voce نَقَشَ . -b2- وَقَاكَ اللّٰهُ كُلَّ مَحْذُور God preserve thee from all fear: see مَحْذُورٌ . -b3- قِ , or قِهْ"
وكأ,,CROSS_REF,1 وَكڤاَ see 8.
وهج,The fire burned; syn.,,"1 وَهَجَتِ النَّارُ ذ , aor. تَهِجُ , inf. n. وَهْجٌ and وَهَجَانٌ ; (S, L, K;) and وَهَجَتَ , [app. a mistake for وَهِجَت ,] aor. تَوْهَجُ , [inf. n. وَهَجٌ ;] (L;) The fire burned; syn. اِتَّقَدَت ;"
يدي,"The arm, from the shoulder-joint to the extremities of the fingers.",,"يَدٌ   ذ   The arm, from the shoulder-joint to the extremities of the fingers. (Msb.) -b2- [The foreleg of a horse, &amp;c.] -b3- يَدٌ بَيْضَآءُ : see أَبْيَضُ , in two places, near the end of the pa"
يمم,And and : see Mgh in art.,,2   يَمَّمَ   ذ   : see أَمَّمَ . And يَمَّمَ المَرِيضَ and المَيِّتَ : see Mgh in art. أَمَّ .  5   تَيَمَّمَ   ذ   : see صَعِيدٌ and art. ام . -b2- تَيَمَّمَ   يَمَامَةً   i. q.   قَصَدَ قَصْدًا . (
ينع,,EMPTY,
يوم,"Lth, TA:) the time when the sun is above the earth: this is the common conventional acceptation: (Kull, ubi suprà:) and the period from the second [ or true ] dawn to sunset: (Msb, Kull:) this is the legal acceptation: (Kull:) and a civil day: the period of the revolution of the greatest firmament.",,"يَوْمٌ ذ A time, whether night or day; (Msb;) time absolutely, whether night or not, little or not: this is the proper signification: (Kull, p. 390:) and day, meaning the period from the rising of the"
